genre_name,avg_bio_length
Hard Techno,228.4285714285714286
Dark Clubbing,228.0000000000000000
Melodic Techno,216.3333333333333333
Psytrance Techno,210.0000000000000000
Deep Techno,209.0000000000000000
Peak-Time Techno,197.0000000000000000
Dark Disco,194.0000000000000000
Techno,190.3333333333333333
EBM,183.0000000000000000
Minimal Techno,183.0000000000000000
Acid Techno,179.5000000000000000
High-Tech Minimal,80.0000000000000000
