genre_name,avg_bio_length
Hard Techno,228.4285714285714286
Dark Clubbing,228.0000000000000000
Melodic Techno,216.3333333333333333
Psytrance Techno,210.0000000000000000
Deep Techno,209.0000000000000000
